{"W": [[-4658.92236328125, 1495.8968505859375], [-554.2151489257812, 3091.313720703125], [-2991.868408203125, -1115.3729248046875], [204.94302368164062, 6133.67919921875], [303.5843200683594, 3506.8251953125]], "timestamp": 1775906128.809621}