{"W": [[-4229.25244140625, -1768.338623046875], [26.945375442504883, 2744.134033203125], [-2621.3935546875, 1865.800537109375], [53.07920455932617, 5913.23193359375], [622.80419921875, 2631.817626953125]], "timestamp": 1775410629.231482}