{"W": [[-3273.4248046875, -7860.18115234375], [48.04536056518555, 5140.56689453125], [-3178.2236328125, 4215.48974609375], [-971.5917358398438, 667.5027465820312], [254.98062133789062, 601.3605346679688]], "timestamp": 1776080961.382993}